Date,Close
2019-11-22 00:00:00+00:00,64.52373504638672
2019-11-25 00:00:00+00:00,65.1207504272461
2019-11-26 00:00:00+00:00,65.48784637451172
2019-11-27 00:00:00+00:00,65.44444274902344
2019-11-29 00:00:00+00:00,65.0434341430664
2019-12-02 00:00:00+00:00,64.28382873535156
2019-12-03 00:00:00+00:00,64.57709503173828
2019-12-04 00:00:00+00:00,65.78410339355469
2019-12-05 00:00:00+00:00,66.18412017822266
2019-12-06 00:00:00+00:00,66.80408477783203
2019-12-09 00:00:00+00:00,66.98363494873047
2019-12-10 00:00:00+00:00,66.97864532470703
2019-12-11 00:00:00+00:00,67.0464859008789
2019-12-12 00:00:00+00:00,67.2579574584961
2019-12-13 00:00:00+00:00,67.17716217041016
2019-12-16 00:00:00+00:00,67.86695861816406
2019-12-17 00:00:00+00:00,67.57716369628906
2019-12-18 00:00:00+00:00,67.42853546142578
2019-12-19 00:00:00+00:00,67.65447998046875
2019-12-20 00:00:00+00:00,67.39411926269531
2019-12-23 00:00:00+00:00,67.36469268798828
2019-12-24 00:00:00+00:00,67.05545806884766
2019-12-26 00:00:00+00:00,67.9552230834961
2019-12-27 00:00:00+00:00,67.564697265625
2019-12-30 00:00:00+00:00,66.82003784179688
2019-12-31 00:00:00+00:00,66.80408477783203
2020-01-02 00:00:00+00:00,68.26496124267578
2020-01-03 00:00:00+00:00,67.90785217285156
2020-01-06 00:00:00+00:00,69.71786499023438
2020-01-07 00:00:00+00:00,69.58320617675781
2020-01-08 00:00:00+00:00,70.07847595214844
2020-01-09 00:00:00+00:00,70.81414794921875
2020-01-10 00:00:00+00:00,71.27152252197266
2020-01-13 00:00:00+00:00,71.82366180419922
2020-01-14 00:00:00+00:00,71.35282135009766
2020-01-15 00:00:00+00:00,71.78225708007812
2020-01-16 00:00:00+00:00,72.32891082763672
2020-01-17 00:00:00+00:00,73.79327392578125
2020-01-21 00:00:00+00:00,73.929443359375
2020-01-22 00:00:00+00:00,74.01023864746094
2020-01-23 00:00:00+00:00,74.05113220214844
2020-01-24 00:00:00+00:00,73.12742614746094
2020-01-27 00:00:00+00:00,71.40968322753906
2020-01-28 00:00:00+00:00,72.34586334228516
2020-01-29 00:00:00+00:00,72.65509033203125
2020-01-30 00:00:00+00:00,72.53289794921875
2020-01-31 00:00:00+00:00,71.46205139160156
2020-02-03 00:00:00+00:00,73.94689178466797
2020-02-04 00:00:00+00:00,72.09198760986328
2020-02-05 00:00:00+00:00,72.1239013671875
2020-02-06 00:00:00+00:00,73.61621856689453
2020-02-07 00:00:00+00:00,73.77281951904297
2020-02-10 00:00:00+00:00,75.2466812133789
2020-02-11 00:00:00+00:00,75.31649780273438
2020-02-12 00:00:00+00:00,75.74394989013672
2020-02-13 00:00:00+00:00,75.48259735107422
2020-02-14 00:00:00+00:00,75.74893188476562
2020-02-18 00:00:00+00:00,75.78434753417969
2020-02-19 00:00:00+00:00,76.05517578125
2020-02-20 00:00:00+00:00,75.66214752197266
2020-02-21 00:00:00+00:00,73.98978424072266
2020-02-24 00:00:00+00:00,70.81764221191406
2020-02-25 00:00:00+00:00,69.14479064941406
2020-02-26 00:00:00+00:00,69.35176849365234
2020-02-27 00:00:00+00:00,65.58509826660156
2020-02-28 00:00:00+00:00,66.79710388183594
2020-03-02 00:00:00+00:00,69.14479064941406
2020-03-03 00:00:00+00:00,66.72078704833984
2020-03-04 00:00:00+00:00,68.90937042236328
2020-03-05 00:00:00+00:00,65.57562255859375
2020-03-06 00:00:00+00:00,64.6269760131836
2020-03-09 00:00:00+00:00,60.639347076416016
2020-03-10 00:00:00+00:00,63.60101318359375
2020-03-11 00:00:00+00:00,60.39544677734375
2020-03-12 00:00:00+00:00,55.44021987915039
2020-03-13 00:00:00+00:00,60.56353759765625
2020-03-16 00:00:00+00:00,53.51748275756836
2020-03-17 00:00:00+00:00,55.76491928100586
2020-03-18 00:00:00+00:00,54.424739837646484
2020-03-19 00:00:00+00:00,55.446205139160156
2020-03-20 00:00:00+00:00,53.2785758972168
2020-03-23 00:00:00+00:00,52.57631301879883
2020-03-24 00:00:00+00:00,56.360939025878906
2020-03-25 00:00:00+00:00,54.9449462890625
2020-03-26 00:00:00+00:00,58.002376556396484
2020-03-27 00:00:00+00:00,55.37588119506836
2020-03-30 00:00:00+00:00,57.173927307128906
2020-03-31 00:00:00+00:00,57.95399475097656
2020-04-01 00:00:00+00:00,54.96888732910156
2020-04-02 00:00:00+00:00,55.71354675292969
2020-04-03 00:00:00+00:00,54.50004577636719
2020-04-06 00:00:00+00:00,59.01337432861328
2020-04-07 00:00:00+00:00,58.98194885253906
2020-04-08 00:00:00+00:00,60.200931549072266
2020-04-09 00:00:00+00:00,60.179481506347656
2020-04-13 00:00:00+00:00,60.37101364135742
2020-04-14 00:00:00+00:00,63.10524368286133
2020-04-15 00:00:00+00:00,62.709720611572266
2020-04-16 00:00:00+00:00,62.71620178222656
2020-04-17 00:00:00+00:00,63.79203796386719
2020-04-20 00:00:00+00:00,62.90174102783203
2020-04-21 00:00:00+00:00,60.45829391479492
2020-04-22 00:00:00+00:00,62.76508331298828
2020-04-23 00:00:00+00:00,63.40150451660156
2020-04-24 00:00:00+00:00,63.672340393066406
2020-04-27 00:00:00+00:00,63.38604736328125
2020-04-28 00:00:00+00:00,61.477272033691406
2020-04-29 00:00:00+00:00,66.9432373046875
2020-04-30 00:00:00+00:00,67.1686782836914
2020-05-01 00:00:00+00:00,65.70330047607422
2020-05-04 00:00:00+00:00,65.98161315917969
2020-05-05 00:00:00+00:00,67.28438568115234
2020-05-06 00:00:00+00:00,67.10533142089844
2020-05-07 00:00:00+00:00,68.29488372802734
2020-05-08 00:00:00+00:00,69.04602813720703
2020-05-11 00:00:00+00:00,70.00614929199219
2020-05-12 00:00:00+00:00,68.58916473388672
2020-05-13 00:00:00+00:00,67.2499771118164
2020-05-14 00:00:00+00:00,67.67543029785156
2020-05-15 00:00:00+00:00,68.4834213256836
2020-05-18 00:00:00+00:00,69.08792877197266
2020-05-19 00:00:00+00:00,68.55026245117188
2020-05-20 00:00:00+00:00,70.28396606445312
2020-05-21 00:00:00+00:00,70.16376495361328
2020-05-22 00:00:00+00:00,70.48746490478516
2020-05-26 00:00:00+00:00,70.89295959472656
2020-05-27 00:00:00+00:00,70.83859252929688
2020-05-28 00:00:00+00:00,70.73684692382812
2020-05-29 00:00:00+00:00,71.49895477294922
2020-06-01 00:00:00+00:00,71.5662841796875
2020-06-02 00:00:00+00:00,71.93737030029297
2020-06-03 00:00:00+00:00,71.78474426269531
2020-06-04 00:00:00+00:00,70.54032897949219
2020-06-05 00:00:00+00:00,71.82315826416016
2020-06-08 00:00:00+00:00,72.22315979003906
2020-06-09 00:00:00+00:00,72.4246597290039
2020-06-10 00:00:00+00:00,73.0541000366211
2020-06-11 00:00:00+00:00,69.92186737060547
2020-06-12 00:00:00+00:00,70.47150421142578
2020-06-15 00:00:00+00:00,70.86153411865234
2020-06-16 00:00:00+00:00,72.14485931396484
2020-06-17 00:00:00+00:00,72.4476089477539
2020-06-18 00:00:00+00:00,71.52888488769531
2020-06-19 00:00:00+00:00,71.0560531616211
2020-06-22 00:00:00+00:00,72.35383605957031
2020-06-23 00:00:00+00:00,73.01819610595703
2020-06-24 00:00:00+00:00,71.45806121826172
2020-06-25 00:00:00+00:00,71.87702178955078
2020-06-26 00:00:00+00:00,67.95872497558594
2020-06-29 00:00:00+00:00,69.68594360351562
2020-06-30 00:00:00+00:00,70.72736358642578
2020-07-01 00:00:00+00:00,71.92191314697266
2020-07-02 00:00:00+00:00,73.31495666503906
2020-07-06 00:00:00+00:00,74.79728698730469
2020-07-07 00:00:00+00:00,74.3119888305664
2020-07-08 00:00:00+00:00,74.99430847167969
2020-07-09 00:00:00+00:00,75.74544525146484
2020-07-10 00:00:00+00:00,76.76042938232422
2020-07-13 00:00:00+00:00,75.42474365234375
2020-07-14 00:00:00+00:00,75.85517120361328
2020-07-15 00:00:00+00:00,75.65666198730469
2020-07-16 00:00:00+00:00,75.55890655517578
2020-07-17 00:00:00+00:00,75.65516662597656
2020-07-20 00:00:00+00:00,77.99886322021484
2020-07-21 00:00:00+00:00,77.60383605957031
2020-07-22 00:00:00+00:00,78.04924011230469
2020-07-23 00:00:00+00:00,75.65017700195312
2020-07-24 00:00:00+00:00,75.22423553466797
2020-07-27 00:00:00+00:00,76.28260803222656
2020-07-28 00:00:00+00:00,74.99679565429688
2020-07-29 00:00:00+00:00,75.98734283447266
2020-07-30 00:00:00+00:00,76.728515625
2020-07-31 00:00:00+00:00,74.21373748779297
2020-08-03 00:00:00+00:00,73.95487976074219
2020-08-04 00:00:00+00:00,73.48304748535156
2020-08-05 00:00:00+00:00,73.77182006835938
2020-08-06 00:00:00+00:00,75.06163024902344
2020-08-07 00:00:00+00:00,74.73345184326172
2020-08-10 00:00:00+00:00,74.65613555908203
2020-08-11 00:00:00+00:00,73.84415435791016
2020-08-12 00:00:00+00:00,75.17584991455078
2020-08-13 00:00:00+00:00,75.64518737792969
2020-08-14 00:00:00+00:00,75.0456771850586
2020-08-17 00:00:00+00:00,75.62474060058594
2020-08-18 00:00:00+00:00,77.59685516357422
2020-08-19 00:00:00+00:00,77.03973388671875
2020-08-20 00:00:00+00:00,78.61782836914062
2020-08-21 00:00:00+00:00,78.58392333984375
2020-08-24 00:00:00+00:00,79.06172943115234
2020-08-25 00:00:00+00:00,80.09417724609375
2020-08-26 00:00:00+00:00,82.0034408569336
2020-08-27 00:00:00+00:00,81.2248764038086
2020-08-28 00:00:00+00:00,81.7690200805664
2020-08-31 00:00:00+00:00,81.27525329589844
2020-09-01 00:00:00+00:00,82.54959106445312
2020-09-02 00:00:00+00:00,85.65740203857422
2020-09-03 00:00:00+00:00,81.27425384521484
2020-09-04 00:00:00+00:00,78.86521911621094
2020-09-08 00:00:00+00:00,75.99183654785156
2020-09-09 00:00:00+00:00,77.17041778564453
2020-09-10 00:00:00+00:00,76.11402893066406
2020-09-11 00:00:00+00:00,75.60079956054688
2020-09-14 00:00:00+00:00,75.2551498413086
2020-09-15 00:00:00+00:00,76.56640625
2020-09-16 00:00:00+00:00,75.41775512695312
2020-09-17 00:00:00+00:00,74.16834259033203
2020-09-18 00:00:00+00:00,72.37528991699219
2020-09-21 00:00:00+00:00,71.33038330078125
2020-09-22 00:00:00+00:00,72.81070709228516
2020-09-23 00:00:00+00:00,70.2954330444336
2020-09-24 00:00:00+00:00,70.96726989746094
2020-09-25 00:00:00+00:00,71.77527618408203
2020-09-28 00:00:00+00:00,72.75285339355469
2020-09-29 00:00:00+00:00,73.11994934082031
2020-09-30 00:00:00+00:00,73.0989990234375
2020-10-01 00:00:00+00:00,74.21123504638672
2020-10-02 00:00:00+00:00,72.60022735595703
2020-10-05 00:00:00+00:00,73.95836639404297
2020-10-06 00:00:00+00:00,72.37179565429688
2020-10-07 00:00:00+00:00,72.77679443359375
2020-10-08 00:00:00+00:00,73.98829650878906
2020-10-09 00:00:00+00:00,75.33595275878906
2020-10-12 00:00:00+00:00,78.03627014160156
2020-10-13 00:00:00+00:00,78.15995788574219
2020-10-14 00:00:00+00:00,77.97891235351562
2020-10-15 00:00:00+00:00,77.58139038085938
2020-10-16 00:00:00+00:00,78.19139099121094
2020-10-19 00:00:00+00:00,76.30854797363281
2020-10-20 00:00:00+00:00,77.36243438720703
2020-10-21 00:00:00+00:00,79.10362243652344
2020-10-22 00:00:00+00:00,80.13457489013672
2020-10-23 00:00:00+00:00,81.44732666015625
2020-10-26 00:00:00+00:00,79.01883697509766
2020-10-27 00:00:00+00:00,79.74653625488281
2020-10-28 00:00:00+00:00,75.3534164428711
2020-10-29 00:00:00+00:00,77.65172576904297
2020-10-30 00:00:00+00:00,80.60589599609375
2020-11-02 00:00:00+00:00,81.01539611816406
2020-11-03 00:00:00+00:00,82.07975769042969
2020-11-04 00:00:00+00:00,87.07688903808594
2020-11-05 00:00:00+00:00,87.9073257446289
2020-11-06 00:00:00+00:00,87.76917266845703
2020-11-09 00:00:00+00:00,87.85345458984375
2020-11-10 00:00:00+00:00,86.67138671875
2020-11-11 00:00:00+00:00,87.14572143554688
2020-11-12 00:00:00+00:00,86.9257583618164
2020-11-13 00:00:00+00:00,88.39411926269531
2020-11-16 00:00:00+00:00,88.48240661621094
2020-11-17 00:00:00+00:00,87.86542510986328
2020-11-18 00:00:00+00:00,86.81702423095703
2020-11-19 00:00:00+00:00,87.71131134033203
2020-11-20 00:00:00+00:00,86.60455322265625
2020-11-23 00:00:00+00:00,86.16464233398438
2020-11-24 00:00:00+00:00,87.97715759277344
2020-11-25 00:00:00+00:00,87.9886245727539
2020-11-27 00:00:00+00:00,89.13029479980469
2020-11-30 00:00:00+00:00,87.50332641601562
2020-12-01 00:00:00+00:00,89.54627227783203
2020-12-02 00:00:00+00:00,91.02310943603516
2020-12-03 00:00:00+00:00,90.86700439453125
2020-12-04 00:00:00+00:00,90.96276092529297
2020-12-07 00:00:00+00:00,90.6270980834961
2020-12-08 00:00:00+00:00,90.3427963256836
2020-12-09 00:00:00+00:00,88.67343139648438
2020-12-10 00:00:00+00:00,88.1641845703125
2020-12-11 00:00:00+00:00,88.52080535888672
2020-12-14 00:00:00+00:00,87.39659118652344
2020-12-15 00:00:00+00:00,87.83650207519531
2020-12-16 00:00:00+00:00,87.6424789428711
2020-12-17 00:00:00+00:00,86.81053924560547
2020-12-18 00:00:00+00:00,86.0978012084961
2020-12-21 00:00:00+00:00,86.51377868652344
2020-12-22 00:00:00+00:00,85.79854583740234
2020-12-23 00:00:00+00:00,86.19805908203125
2020-12-24 00:00:00+00:00,86.49382781982422
2020-12-28 00:00:00+00:00,88.47891235351562
2020-12-29 00:00:00+00:00,87.67091369628906
2020-12-30 00:00:00+00:00,86.59806823730469
2020-12-31 00:00:00+00:00,87.4155502319336
2021-01-04 00:00:00+00:00,86.09332275390625
2021-01-05 00:00:00+00:00,86.78760528564453
2021-01-06 00:00:00+00:00,85.93121337890625
2021-01-07 00:00:00+00:00,88.49786376953125
2021-01-08 00:00:00+00:00,89.66946411132812
2021-01-11 00:00:00+00:00,87.59759521484375
2021-01-12 00:00:00+00:00,86.65692138671875
2021-01-13 00:00:00+00:00,87.14671325683594
2021-01-14 00:00:00+00:00,86.33222198486328
2021-01-15 00:00:00+00:00,86.16763305664062
2021-01-19 00:00:00+00:00,89.00311279296875
2021-01-20 00:00:00+00:00,93.77130889892578
2021-01-21 00:00:00+00:00,93.97480010986328
2021-01-22 00:00:00+00:00,94.3942642211914
2021-01-25 00:00:00+00:00,94.48004913330078
2021-01-26 00:00:00+00:00,95.161865234375
2021-01-27 00:00:00+00:00,90.72235870361328
2021-01-28 00:00:00+00:00,92.4311294555664
2021-01-29 00:00:00+00:00,91.1423110961914
2021-02-01 00:00:00+00:00,94.4197006225586
2021-02-02 00:00:00+00:00,95.71898651123047
2021-02-03 00:00:00+00:00,102.6897201538086
2021-02-04 00:00:00+00:00,102.4278793334961
2021-02-05 00:00:00+00:00,104.18352508544922
2021-02-08 00:00:00+00:00,103.96855163574219
2021-02-09 00:00:00+00:00,103.51318359375
2021-02-10 00:00:00+00:00,104.0663070678711
2021-02-11 00:00:00+00:00,104.17953491210938
2021-02-12 00:00:00+00:00,104.49275970458984
2021-02-16 00:00:00+00:00,105.27433013916016
2021-02-17 00:00:00+00:00,105.66934204101562
2021-02-18 00:00:00+00:00,105.03042602539062
2021-02-19 00:00:00+00:00,104.18252563476562
2021-02-22 00:00:00+00:00,102.45928955078125
2021-02-23 00:00:00+00:00,102.7515640258789
2021-02-24 00:00:00+00:00,103.93314361572266
2021-02-25 00:00:00+00:00,100.54852294921875
2021-02-26 00:00:00+00:00,100.84578704833984
2021-03-01 00:00:00+00:00,103.22738647460938
2021-03-02 00:00:00+00:00,102.96902465820312
2021-03-03 00:00:00+00:00,100.32209014892578
2021-03-04 00:00:00+00:00,101.4453125
2021-03-05 00:00:00+00:00,104.5945053100586
2021-03-08 00:00:00+00:00,100.12706756591797
2021-03-09 00:00:00+00:00,101.76600646972656
2021-03-10 00:00:00+00:00,101.55802917480469
2021-03-11 00:00:00+00:00,104.767578125
2021-03-12 00:00:00+00:00,102.24681854248047
2021-03-15 00:00:00+00:00,102.46827697753906
2021-03-16 00:00:00+00:00,103.93714141845703
2021-03-17 00:00:00+00:00,103.85383605957031
2021-03-18 00:00:00+00:00,100.8173599243164
2021-03-19 00:00:00+00:00,101.09766387939453
2021-03-22 00:00:00+00:00,101.28370666503906
2021-03-23 00:00:00+00:00,101.81439208984375
2021-03-24 00:00:00+00:00,101.37548065185547
2021-03-25 00:00:00+00:00,101.37199401855469
2021-03-26 00:00:00+00:00,100.9864501953125
2021-03-29 00:00:00+00:00,102.0368423461914
2021-03-30 00:00:00+00:00,102.07075500488281
2021-03-31 00:00:00+00:00,102.87126922607422
2021-04-01 00:00:00+00:00,106.22595977783203
2021-04-05 00:00:00+00:00,110.6739501953125
2021-04-06 00:00:00+00:00,110.19014739990234
2021-04-07 00:00:00+00:00,111.67498016357422
2021-04-08 00:00:00+00:00,112.24356842041016
2021-04-09 00:00:00+00:00,113.25306701660156
2021-04-12 00:00:00+00:00,111.95378875732422
2021-04-13 00:00:00+00:00,112.44306945800781
2021-04-14 00:00:00+00:00,111.81861877441406
2021-04-15 00:00:00+00:00,113.98026275634766
2021-04-16 00:00:00+00:00,113.85557556152344
2021-04-19 00:00:00+00:00,114.20520782470703
2021-04-20 00:00:00+00:00,113.66903686523438
2021-04-21 00:00:00+00:00,113.63612365722656
2021-04-22 00:00:00+00:00,112.3478012084961
2021-04-23 00:00:00+00:00,114.71245574951172
2021-04-26 00:00:00+00:00,115.21121978759766
2021-04-27 00:00:00+00:00,114.26605987548828
2021-04-28 00:00:00+00:00,117.66065216064453
2021-04-29 00:00:00+00:00,119.34248352050781
2021-04-30 00:00:00+00:00,117.38433837890625
2021-05-03 00:00:00+00:00,116.8646240234375
2021-05-04 00:00:00+00:00,115.05660247802734
2021-05-05 00:00:00+00:00,115.45262145996094
2021-05-06 00:00:00+00:00,116.5788345336914
2021-05-07 00:00:00+00:00,117.3060302734375
2021-05-10 00:00:00+00:00,114.3044662475586
2021-05-11 00:00:00+00:00,113.22264099121094
2021-05-12 00:00:00+00:00,109.74076080322266
2021-05-13 00:00:00+00:00,111.17671203613281
2021-05-14 00:00:00+00:00,113.63761138916016
2021-05-17 00:00:00+00:00,114.1633071899414
2021-05-18 00:00:00+00:00,112.84407806396484
2021-05-19 00:00:00+00:00,113.29446411132812
2021-05-20 00:00:00+00:00,115.06259155273438
2021-05-21 00:00:00+00:00,114.42316436767578
2021-05-24 00:00:00+00:00,117.76040649414062
2021-05-25 00:00:00+00:00,117.8516845703125
2021-05-26 00:00:00+00:00,118.7215347290039
2021-05-27 00:00:00+00:00,117.84220886230469
2021-05-28 00:00:00+00:00,117.55142211914062
2021-06-01 00:00:00+00:00,118.7649154663086
2021-06-02 00:00:00+00:00,118.23673248291016
2021-06-03 00:00:00+00:00,117.08906555175781
2021-06-04 00:00:00+00:00,119.38288116455078
2021-06-07 00:00:00+00:00,119.81831359863281
2021-06-08 00:00:00+00:00,119.62578582763672
2021-06-09 00:00:00+00:00,120.09961700439453
2021-06-10 00:00:00+00:00,121.45574951171875
2021-06-11 00:00:00+00:00,121.2098617553711
2021-06-14 00:00:00+00:00,122.14305877685547
2021-06-15 00:00:00+00:00,121.11959075927734
2021-06-16 00:00:00+00:00,120.47418212890625
2021-06-17 00:00:00+00:00,121.44278717041016
2021-06-18 00:00:00+00:00,119.81431579589844
2021-06-21 00:00:00+00:00,121.5116195678711
2021-06-22 00:00:00+00:00,122.02833557128906
2021-06-23 00:00:00+00:00,121.8253402709961
2021-06-24 00:00:00+00:00,122.19741821289062
2021-06-25 00:00:00+00:00,122.20590209960938
2021-06-28 00:00:00+00:00,122.23332977294922
2021-06-29 00:00:00+00:00,121.9704818725586
2021-06-30 00:00:00+00:00,121.78793334960938
2021-07-01 00:00:00+00:00,122.14205932617188
2021-07-02 00:00:00+00:00,124.94810485839844
2021-07-06 00:00:00+00:00,125.87830352783203
2021-07-07 00:00:00+00:00,126.1615982055664
2021-07-08 00:00:00+00:00,124.7351303100586
2021-07-09 00:00:00+00:00,125.20846557617188
2021-07-12 00:00:00+00:00,126.661865234375
2021-07-13 00:00:00+00:00,127.0269546508789
2021-07-14 00:00:00+00:00,127.92024993896484
2021-07-15 00:00:00+00:00,126.69129180908203
2021-07-16 00:00:00+00:00,126.65637969970703
2021-07-19 00:00:00+00:00,124.2702865600586
2021-07-20 00:00:00+00:00,125.89775848388672
2021-07-21 00:00:00+00:00,127.23394775390625
2021-07-22 00:00:00+00:00,128.1042938232422
2021-07-23 00:00:00+00:00,132.6864471435547
2021-07-26 00:00:00+00:00,133.70391845703125
2021-07-27 00:00:00+00:00,131.57420349121094
2021-07-28 00:00:00+00:00,135.75784301757812
2021-07-29 00:00:00+00:00,135.44212341308594
2021-07-30 00:00:00+00:00,134.3937225341797
2021-08-02 00:00:00+00:00,134.5214080810547
2021-08-03 00:00:00+00:00,135.2949981689453
2021-08-04 00:00:00+00:00,134.791748046875
2021-08-05 00:00:00+00:00,135.91494750976562
2021-08-06 00:00:00+00:00,135.40321350097656
2021-08-09 00:00:00+00:00,136.57481384277344
2021-08-10 00:00:00+00:00,136.46908569335938
2021-08-11 00:00:00+00:00,135.9423828125
2021-08-12 00:00:00+00:00,136.85511779785156
2021-08-13 00:00:00+00:00,137.38729858398438
2021-08-16 00:00:00+00:00,137.96786499023438
2021-08-17 00:00:00+00:00,136.3239288330078
2021-08-18 00:00:00+00:00,135.11444091796875
2021-08-19 00:00:00+00:00,135.34486389160156
2021-08-20 00:00:00+00:00,137.09005737304688
2021-08-23 00:00:00+00:00,139.6956024169922
2021-08-24 00:00:00+00:00,140.91258239746094
2021-08-25 00:00:00+00:00,141.72805786132812
2021-08-26 00:00:00+00:00,141.0911407470703
2021-08-27 00:00:00+00:00,143.64830017089844
2021-08-30 00:00:00+00:00,144.2333526611328
2021-08-31 00:00:00+00:00,144.34007263183594
2021-09-01 00:00:00+00:00,144.8568115234375
2021-09-02 00:00:00+00:00,142.93307495117188
2021-09-03 00:00:00+00:00,143.38446044921875
2021-09-07 00:00:00+00:00,143.92413330078125
2021-09-08 00:00:00+00:00,143.33607482910156
2021-09-09 00:00:00+00:00,143.1864471435547
2021-09-10 00:00:00+00:00,140.5280303955078
2021-09-13 00:00:00+00:00,141.98094177246094
2021-09-14 00:00:00+00:00,142.19239807128906
2021-09-15 00:00:00+00:00,144.07276916503906
2021-09-16 00:00:00+00:00,143.25527954101562
2021-09-17 00:00:00+00:00,140.4522247314453
2021-09-20 00:00:00+00:00,138.37686157226562
2021-09-21 00:00:00+00:00,138.6895751953125
2021-09-22 00:00:00+00:00,139.93699645996094
2021-09-23 00:00:00+00:00,140.86720275878906
2021-09-24 00:00:00+00:00,141.8637237548828
2021-09-27 00:00:00+00:00,140.72354125976562
2021-09-28 00:00:00+00:00,135.49449157714844
2021-09-29 00:00:00+00:00,134.0216522216797
2021-09-30 00:00:00+00:00,133.34580993652344
2021-10-01 00:00:00+00:00,136.2057342529297
2021-10-04 00:00:00+00:00,133.32936096191406
2021-10-05 00:00:00+00:00,135.68701171875
2021-10-06 00:00:00+00:00,137.2252197265625
2021-10-07 00:00:00+00:00,138.88111877441406
2021-10-08 00:00:00+00:00,139.4402313232422
2021-10-11 00:00:00+00:00,138.5708770751953
2021-10-12 00:00:00+00:00,136.11196899414062
2021-10-13 00:00:00+00:00,137.24215698242188
2021-10-14 00:00:00+00:00,140.80235290527344
2021-10-15 00:00:00+00:00,141.01881408691406
2021-10-18 00:00:00+00:00,142.42532348632812
2021-10-19 00:00:00+00:00,142.88319396972656
2021-10-20 00:00:00+00:00,141.4188232421875
2021-10-21 00:00:00+00:00,141.53553771972656
2021-10-22 00:00:00+00:00,137.22669982910156
2021-10-25 00:00:00+00:00,137.1074981689453
2021-10-26 00:00:00+00:00,138.9644012451172
2021-10-27 00:00:00+00:00,145.8563232421875
2021-10-28 00:00:00+00:00,145.48873901367188
2021-10-29 00:00:00+00:00,147.68032836914062
2021-11-01 00:00:00+00:00,143.14256286621094
2021-11-02 00:00:00+00:00,145.07327270507812
2021-11-03 00:00:00+00:00,146.23590087890625
2021-11-04 00:00:00+00:00,147.90127563476562
2021-11-05 00:00:00+00:00,148.48434448242188
2021-11-08 00:00:00+00:00,148.6628875732422
2021-11-09 00:00:00+00:00,148.55067443847656
2021-11-10 00:00:00+00:00,145.5331268310547
2021-11-11 00:00:00+00:00,145.4064483642578
2021-11-12 00:00:00+00:00,148.31076049804688
2021-11-15 00:00:00+00:00,148.08531188964844
2021-11-16 00:00:00+00:00,147.5107421875
2021-11-17 00:00:00+00:00,147.68130493164062
2021-11-18 00:00:00+00:00,149.46839904785156
2021-11-19 00:00:00+00:00,148.5586395263672
2021-11-22 00:00:00+00:00,145.9406280517578
2021-11-23 00:00:00+00:00,145.42190551757812
2021-11-24 00:00:00+00:00,145.7590789794922
2021-11-26 00:00:00+00:00,141.83180236816406
2021-11-29 00:00:00+00:00,145.17103576660156
2021-11-30 00:00:00+00:00,141.54702758789062
2021-12-01 00:00:00+00:00,140.70309448242188
2021-12-02 00:00:00+00:00,142.6128692626953
2021-12-03 00:00:00+00:00,141.6507568359375
2021-12-06 00:00:00+00:00,142.8013916015625
2021-12-07 00:00:00+00:00,146.90573120117188
2021-12-08 00:00:00+00:00,147.82046508789062
2021-12-09 00:00:00+00:00,147.27383422851562
2021-12-10 00:00:00+00:00,147.63592529296875
2021-12-13 00:00:00+00:00,145.46630859375
2021-12-14 00:00:00+00:00,143.55154418945312
2021-12-15 00:00:00+00:00,146.07928466796875
2021-12-16 00:00:00+00:00,144.0882110595703
2021-12-17 00:00:00+00:00,141.37493896484375
2021-12-20 00:00:00+00:00,141.25721740722656
2021-12-21 00:00:00+00:00,143.1181182861328
2021-12-22 00:00:00+00:00,146.0533447265625
2021-12-23 00:00:00+00:00,146.55361938476562
2021-12-27 00:00:00+00:00,147.54116821289062
2021-12-28 00:00:00+00:00,146.32467651367188
2021-12-29 00:00:00+00:00,146.29275512695312
2021-12-30 00:00:00+00:00,145.83938598632812
2021-12-31 00:00:00+00:00,144.4942169189453
2022-01-03 00:00:00+00:00,144.63336181640625
2022-01-04 00:00:00+00:00,144.04283142089844
2022-01-05 00:00:00+00:00,137.4346923828125
2022-01-06 00:00:00+00:00,137.40725708007812
2022-01-07 00:00:00+00:00,136.67855834960938
2022-01-10 00:00:00+00:00,138.3269805908203
2022-01-11 00:00:00+00:00,139.39083862304688
2022-01-12 00:00:00+00:00,141.08116149902344
2022-01-13 00:00:00+00:00,138.24468994140625
2022-01-14 00:00:00+00:00,139.13597106933594
2022-01-18 00:00:00+00:00,135.66207885742188
2022-01-19 00:00:00+00:00,134.78274536132812
2022-01-20 00:00:00+00:00,132.9782257080078
2022-01-21 00:00:00+00:00,130.02952575683594
2022-01-24 00:00:00+00:00,130.4809112548828
2022-01-25 00:00:00+00:00,126.6214599609375
2022-01-26 00:00:00+00:00,128.91378784179688
2022-01-27 00:00:00+00:00,128.6863555908203
2022-01-28 00:00:00+00:00,133.02162170410156
2022-01-31 00:00:00+00:00,134.9692840576172
2022-02-01 00:00:00+00:00,137.30401611328125
2022-02-02 00:00:00+00:00,147.6344451904297
2022-02-03 00:00:00+00:00,142.73655700683594
2022-02-04 00:00:00+00:00,142.93905639648438
2022-02-07 00:00:00+00:00,138.857177734375
2022-02-08 00:00:00+00:00,139.0546875
2022-02-09 00:00:00+00:00,141.24224853515625
2022-02-10 00:00:00+00:00,138.277587890625
2022-02-11 00:00:00+00:00,133.95082092285156
2022-02-14 00:00:00+00:00,135.19125366210938
2022-02-15 00:00:00+00:00,136.2710723876953
2022-02-16 00:00:00+00:00,137.39779663085938
2022-02-17 00:00:00+00:00,132.2116241455078
2022-02-18 00:00:00+00:00,130.08090209960938
2022-02-22 00:00:00+00:00,129.49285888671875
2022-02-23 00:00:00+00:00,127.2728500366211
2022-02-24 00:00:00+00:00,132.3632354736328
2022-02-25 00:00:00+00:00,134.1273956298828
2022-02-28 00:00:00+00:00,134.72341918945312
2022-03-01 00:00:00+00:00,133.7303466796875
2022-03-02 00:00:00+00:00,134.23910522460938
2022-03-03 00:00:00+00:00,133.5687713623047
2022-03-04 00:00:00+00:00,131.58067321777344
2022-03-07 00:00:00+00:00,126.06634521484375
2022-03-08 00:00:00+00:00,126.7905502319336
2022-03-09 00:00:00+00:00,133.0904541015625
2022-03-10 00:00:00+00:00,132.10240173339844
2022-03-11 00:00:00+00:00,129.54971313476562
2022-03-14 00:00:00+00:00,125.639892578125
2022-03-15 00:00:00+00:00,128.8788604736328
2022-03-16 00:00:00+00:00,132.9512939453125
2022-03-17 00:00:00+00:00,133.50840759277344
2022-03-18 00:00:00+00:00,135.78927612304688
2022-03-21 00:00:00+00:00,135.76531982421875
2022-03-22 00:00:00+00:00,139.52252197265625
2022-03-23 00:00:00+00:00,137.93394470214844
2022-03-24 00:00:00+00:00,141.22232055664062
2022-03-25 00:00:00+00:00,141.32305908203125
2022-03-28 00:00:00+00:00,141.10610961914062
2022-03-29 00:00:00+00:00,142.15350341796875
2022-03-30 00:00:00+00:00,141.58790588378906
2022-03-31 00:00:00+00:00,138.7239990234375
2022-04-01 00:00:00+00:00,139.8043212890625
2022-04-04 00:00:00+00:00,142.61834716796875
2022-04-05 00:00:00+00:00,140.24374389648438
2022-04-06 00:00:00+00:00,136.21072387695312
2022-04-07 00:00:00+00:00,135.55284118652344
2022-04-08 00:00:00+00:00,132.95828247070312
2022-04-11 00:00:00+00:00,128.5052947998047
2022-04-12 00:00:00+00:00,127.39904022216797
2022-04-13 00:00:00+00:00,129.57315063476562
2022-04-14 00:00:00+00:00,126.41697692871094
2022-04-18 00:00:00+00:00,127.36112976074219
2022-04-19 00:00:00+00:00,129.68788146972656
2022-04-20 00:00:00+00:00,127.72372436523438
2022-04-21 00:00:00+00:00,124.50619506835938
2022-04-22 00:00:00+00:00,119.33999633789062
2022-04-25 00:00:00+00:00,122.77000427246094
2022-04-26 00:00:00+00:00,118.35693359375
2022-04-27 00:00:00+00:00,114.01219177246094
2022-04-28 00:00:00+00:00,118.22974395751953
2022-04-29 00:00:00+00:00,113.82764434814453
2022-05-02 00:00:00+00:00,116.29503631591797
2022-05-03 00:00:00+00:00,117.04418182373047
2022-05-04 00:00:00+00:00,121.95901489257812
2022-05-05 00:00:00+00:00,116.21772766113281
2022-05-06 00:00:00+00:00,115.4605941772461
2022-05-09 00:00:00+00:00,112.23309326171875
2022-05-10 00:00:00+00:00,114.11243438720703
2022-05-11 00:00:00+00:00,113.3218994140625
2022-05-12 00:00:00+00:00,112.56527709960938
2022-05-13 00:00:00+00:00,115.76385498046875
2022-05-16 00:00:00+00:00,114.16231536865234
2022-05-17 00:00:00+00:00,116.185302734375
2022-05-18 00:00:00+00:00,111.62310791015625
2022-05-19 00:00:00+00:00,110.1113510131836
2022-05-20 00:00:00+00:00,108.63898468017578
2022-05-23 00:00:00+00:00,111.21261596679688
2022-05-24 00:00:00+00:00,105.708251953125
2022-05-25 00:00:00+00:00,105.54365539550781
2022-05-26 00:00:00+00:00,107.52625274658203
2022-05-27 00:00:00+00:00,112.03907012939453
2022-05-31 00:00:00+00:00,113.48100280761719
2022-06-01 00:00:00+00:00,113.61067962646484
2022-06-02 00:00:00+00:00,117.33197021484375
2022-06-03 00:00:00+00:00,114.2580795288086
2022-06-06 00:00:00+00:00,116.53195190429688
2022-06-07 00:00:00+00:00,116.86013793945312
2022-06-08 00:00:00+00:00,116.90452575683594
2022-06-09 00:00:00+00:00,114.5518569946289
2022-06-10 00:00:00+00:00,110.88692474365234
2022-06-13 00:00:00+00:00,106.12970733642578
2022-06-14 00:00:00+00:00,106.451904296875
2022-06-15 00:00:00+00:00,109.49337768554688
2022-06-16 00:00:00+00:00,105.77159118652344
2022-06-17 00:00:00+00:00,106.87885284423828
2022-06-21 00:00:00+00:00,111.26847839355469
2022-06-22 00:00:00+00:00,111.21212005615234
2022-06-23 00:00:00+00:00,111.96475219726562
2022-06-24 00:00:00+00:00,117.68359375
2022-06-27 00:00:00+00:00,115.5473861694336
2022-06-28 00:00:00+00:00,111.7308349609375
2022-06-29 00:00:00+00:00,111.42559051513672
2022-06-30 00:00:00+00:00,108.69385528564453
2022-07-01 00:00:00+00:00,108.46891784667969
2022-07-05 00:00:00+00:00,112.98323822021484
2022-07-06 00:00:00+00:00,114.28899383544922
2022-07-07 00:00:00+00:00,118.4896011352539
2022-07-08 00:00:00+00:00,119.0586929321289
2022-07-11 00:00:00+00:00,115.39077758789062
2022-07-12 00:00:00+00:00,113.73886108398438
2022-07-13 00:00:00+00:00,111.07844543457031
2022-07-14 00:00:00+00:00,110.09488677978516
2022-07-15 00:00:00+00:00,111.50140380859375
2022-07-18 00:00:00+00:00,108.76068878173828
2022-07-19 00:00:00+00:00,113.52888488769531
2022-07-20 00:00:00+00:00,113.61865997314453
2022-07-21 00:00:00+00:00,114.05757141113281
2022-07-22 00:00:00+00:00,107.63348388671875
2022-07-25 00:00:00+00:00,107.24444580078125
2022-07-26 00:00:00+00:00,104.7605972290039
2022-07-27 00:00:00+00:00,112.78073120117188
2022-07-28 00:00:00+00:00,113.93787384033203
2022-07-29 00:00:00+00:00,116.03268432617188
2022-08-01 00:00:00+00:00,114.57628631591797
2022-08-02 00:00:00+00:00,114.84561920166016
2022-08-03 00:00:00+00:00,117.78833770751953
2022-08-04 00:00:00+00:00,117.8980712890625
2022-08-05 00:00:00+00:00,117.17984771728516
2022-08-08 00:00:00+00:00,117.01026916503906
2022-08-09 00:00:00+00:00,116.3419189453125
2022-08-10 00:00:00+00:00,119.40433502197266
2022-08-11 00:00:00+00:00,118.54645538330078
2022-08-12 00:00:00+00:00,121.37944793701172
2022-08-15 00:00:00+00:00,121.77845764160156
2022-08-16 00:00:00+00:00,121.3993911743164
2022-08-17 00:00:00+00:00,119.25470733642578
2022-08-18 00:00:00+00:00,119.8731689453125
2022-08-19 00:00:00+00:00,116.92048645019531
2022-08-22 00:00:00+00:00,113.95781707763672
2022-08-23 00:00:00+00:00,113.5787582397461
2022-08-24 00:00:00+00:00,113.40918731689453
2022-08-25 00:00:00+00:00,116.36186981201172
2022-08-26 00:00:00+00:00,110.06745147705078
2022-08-29 00:00:00+00:00,109.14972686767578
2022-08-30 00:00:00+00:00,108.6709213256836
2022-08-31 00:00:00+00:00,107.95269775390625
2022-09-01 00:00:00+00:00,109.46894073486328
2022-09-02 00:00:00+00:00,107.58360290527344
2022-09-06 00:00:00+00:00,106.54617309570312
2022-09-07 00:00:00+00:00,109.17964935302734
2022-09-08 00:00:00+00:00,108.11229705810547
2022-09-09 00:00:00+00:00,110.37669372558594
2022-09-12 00:00:00+00:00,110.58616638183594
2022-09-13 00:00:00+00:00,104.06232452392578
2022-09-14 00:00:00+00:00,104.74064636230469
2022-09-15 00:00:00+00:00,102.65580749511719
2022-09-16 00:00:00+00:00,102.54608154296875
2022-09-19 00:00:00+00:00,102.8154067993164
2022-09-20 00:00:00+00:00,100.89017486572266
2022-09-21 00:00:00+00:00,99.03477478027344
2022-09-22 00:00:00+00:00,99.89264678955078
2022-09-23 00:00:00+00:00,98.49610137939453
2022-09-26 00:00:00+00:00,97.9275131225586
2022-09-27 00:00:00+00:00,97.25917053222656
2022-09-28 00:00:00+00:00,99.8028793334961
2022-09-29 00:00:00+00:00,97.17936706542969
2022-09-30 00:00:00+00:00,95.41374206542969
2022-10-03 00:00:00+00:00,98.39635467529297
2022-10-04 00:00:00+00:00,101.38894653320312
2022-10-05 00:00:00+00:00,101.1794662475586
2022-10-06 00:00:00+00:00,101.16948699951172
2022-10-07 00:00:00+00:00,98.4362564086914
2022-10-10 00:00:00+00:00,97.61827850341797
2022-10-11 00:00:00+00:00,96.93995666503906
2022-10-12 00:00:00+00:00,97.31901550292969
2022-10-13 00:00:00+00:00,98.81531524658203
2022-10-14 00:00:00+00:00,96.32148742675781
2022-10-17 00:00:00+00:00,99.72307586669922
2022-10-18 00:00:00+00:00,100.5210952758789
2022-10-19 00:00:00+00:00,99.3839111328125
2022-10-20 00:00:00+00:00,99.72307586669922
2022-10-21 00:00:00+00:00,100.88020324707031
2022-10-24 00:00:00+00:00,102.26676940917969
2022-10-25 00:00:00+00:00,104.22193145751953
2022-10-26 00:00:00+00:00,94.69551849365234
2022-10-27 00:00:00+00:00,91.99221801757812
2022-10-28 00:00:00+00:00,96.05216217041016
2022-10-31 00:00:00+00:00,94.27655792236328
2022-11-01 00:00:00+00:00,90.24653625488281
2022-11-02 00:00:00+00:00,86.75518035888672
2022-11-03 00:00:00+00:00,83.22393035888672
2022-11-04 00:00:00+00:00,86.36614227294922
2022-11-07 00:00:00+00:00,88.27142333984375
2022-11-08 00:00:00+00:00,88.68041229248047
2022-11-09 00:00:00+00:00,87.10431671142578
2022-11-10 00:00:00+00:00,93.70796203613281
2022-11-11 00:00:00+00:00,96.17186737060547
2022-11-14 00:00:00+00:00,95.46360778808594
2022-11-15 00:00:00+00:00,98.19684600830078
2022-11-16 00:00:00+00:00,98.6058349609375
2022-11-17 00:00:00+00:00,98.1170425415039
2022-11-18 00:00:00+00:00,97.18934631347656
2022-11-21 00:00:00+00:00,95.36386108398438
2022-11-22 00:00:00+00:00,96.81028747558594
2022-11-23 00:00:00+00:00,98.216796875
2022-11-25 00:00:00+00:00,97.21926879882812
2022-11-28 00:00:00+00:00,95.81275939941406
2022-11-29 00:00:00+00:00,94.95487976074219
2022-11-30 00:00:00+00:00,100.74055480957031
2022-12-01 00:00:00+00:00,100.74055480957031
2022-12-02 00:00:00+00:00,100.19190979003906
2022-12-05 00:00:00+00:00,99.23428344726562
2022-12-06 00:00:00+00:00,96.7404556274414
2022-12-07 00:00:00+00:00,94.70549011230469
2022-12-08 00:00:00+00:00,93.47853088378906
2022-12-09 00:00:00+00:00,92.6007080078125
2022-12-12 00:00:00+00:00,93.07951354980469
2022-12-13 00:00:00+00:00,95.39379119873047
2022-12-14 00:00:00+00:00,94.83517456054688
2022-12-15 00:00:00+00:00,90.63557434082031
2022-12-16 00:00:00+00:00,90.03705596923828
2022-12-19 00:00:00+00:00,88.22154998779297
2022-12-20 00:00:00+00:00,88.80011749267578
2022-12-21 00:00:00+00:00,89.35873413085938
2022-12-22 00:00:00+00:00,87.54322814941406
2022-12-23 00:00:00+00:00,89.00959777832031
2022-12-27 00:00:00+00:00,87.17414093017578
2022-12-28 00:00:00+00:00,85.80752563476562
2022-12-29 00:00:00+00:00,88.23152160644531
2022-12-30 00:00:00+00:00,88.01206970214844
2023-01-03 00:00:00+00:00,88.89987182617188
2023-01-04 00:00:00+00:00,87.86244201660156
2023-01-05 00:00:00+00:00,85.98707580566406
2023-01-06 00:00:00+00:00,87.12425994873047
2023-01-09 00:00:00+00:00,87.80258178710938
2023-01-10 00:00:00+00:00,88.20159912109375
2023-01-11 00:00:00+00:00,91.29393768310547
2023-01-12 00:00:00+00:00,90.90489959716797
2023-01-13 00:00:00+00:00,91.89246368408203
2023-01-17 00:00:00+00:00,91.06450653076172
2023-01-18 00:00:00+00:00,90.89493560791016
2023-01-19 00:00:00+00:00,92.8201675415039
2023-01-20 00:00:00+00:00,97.77787780761719
2023-01-23 00:00:00+00:00,99.54351806640625
2023-01-24 00:00:00+00:00,97.45867156982422
2023-01-25 00:00:00+00:00,94.98480224609375
2023-01-26 00:00:00+00:00,97.27911376953125
2023-01-27 00:00:00+00:00,99.12455749511719
2023-01-30 00:00:00+00:00,96.70055389404297
2023-01-31 00:00:00+00:00,98.59585571289062
2023-02-01 00:00:00+00:00,100.18193817138672
2023-02-02 00:00:00+00:00,107.473876953125
2023-02-03 00:00:00+00:00,104.52118682861328
2023-02-06 00:00:00+00:00,102.64583587646484
2023-02-07 00:00:00+00:00,107.3741226196289
2023-02-08 00:00:00+00:00,99.12455749511719
2023-02-09 00:00:00+00:00,94.77532196044922
2023-02-10 00:00:00+00:00,94.33641052246094
2023-02-13 00:00:00+00:00,94.37631225585938
2023-02-14 00:00:00+00:00,94.44613647460938
2023-02-15 00:00:00+00:00,96.70055389404297
2023-02-16 00:00:00+00:00,95.27408599853516
2023-02-17 00:00:00+00:00,94.11695098876953
2023-02-21 00:00:00+00:00,91.56327819824219
2023-02-22 00:00:00+00:00,91.42362213134766
2023-02-23 00:00:00+00:00,90.66549682617188
2023-02-24 00:00:00+00:00,88.90984344482422
2023-02-27 00:00:00+00:00,89.64801788330078
2023-02-28 00:00:00+00:00,89.8375473022461
2023-03-01 00:00:00+00:00,90.13681030273438
2023-03-02 00:00:00+00:00,91.77275848388672
2023-03-03 00:00:00+00:00,93.4186782836914
2023-03-06 00:00:00+00:00,94.89501953125
2023-03-07 00:00:00+00:00,93.62815856933594
2023-03-08 00:00:00+00:00,94.01719665527344
2023-03-09 00:00:00+00:00,92.09196472167969
2023-03-10 00:00:00+00:00,90.40613555908203
2023-03-13 00:00:00+00:00,90.88495635986328
2023-03-14 00:00:00+00:00,93.7378921508789
2023-03-15 00:00:00+00:00,95.87260437011719
2023-03-16 00:00:00+00:00,100.07220458984375
2023-03-17 00:00:00+00:00,101.3689956665039
2023-03-20 00:00:00+00:00,100.96998596191406
2023-03-21 00:00:00+00:00,104.66084289550781
2023-03-22 00:00:00+00:00,103.11466979980469
2023-03-23 00:00:00+00:00,105.33916473388672
2023-03-24 00:00:00+00:00,105.1795654296875
2023-03-27 00:00:00+00:00,102.20691680908203
2023-03-28 00:00:00+00:00,100.78045654296875
2023-03-29 00:00:00+00:00,101.13956451416016
2023-03-30 00:00:00+00:00,100.64080047607422
2023-03-31 00:00:00+00:00,103.47378540039062
2023-04-03 00:00:00+00:00,104.10222625732422
2023-04-04 00:00:00+00:00,104.46134185791016
2023-04-05 00:00:00+00:00,104.21195220947266
2023-04-06 00:00:00+00:00,108.1521987915039
2023-04-10 00:00:00+00:00,106.17709350585938
2023-04-11 00:00:00+00:00,105.08977508544922
2023-04-12 00:00:00+00:00,104.38153839111328
2023-04-13 00:00:00+00:00,107.16464233398438
2023-04-14 00:00:00+00:00,108.60108947753906
2023-04-17 00:00:00+00:00,105.708251953125
2023-04-18 00:00:00+00:00,104.24188232421875
2023-04-19 00:00:00+00:00,103.92266845703125
2023-04-20 00:00:00+00:00,105.0299301147461
2023-04-21 00:00:00+00:00,105.1496353149414
2023-04-24 00:00:00+00:00,105.708251953125
2023-04-25 00:00:00+00:00,103.5934829711914
2023-04-26 00:00:00+00:00,103.45382690429688
2023-04-27 00:00:00+00:00,107.3242416381836
2023-04-28 00:00:00+00:00,107.07486724853516
2023-05-01 00:00:00+00:00,106.93521118164062
2023-05-02 00:00:00+00:00,105.05985260009766
2023-05-03 00:00:00+00:00,105.1496353149414
2023-05-04 00:00:00+00:00,104.43141174316406
2023-05-05 00:00:00+00:00,105.30923461914062
2023-05-08 00:00:00+00:00,107.50379943847656
2023-05-09 00:00:00+00:00,107.0848388671875
2023-05-10 00:00:00+00:00,111.4739761352539
2023-05-11 00:00:00+00:00,116.28206634521484
2023-05-12 00:00:00+00:00,117.2197494506836
2023-05-15 00:00:00+00:00,116.22222137451172
2023-05-16 00:00:00+00:00,119.21480560302734
2023-05-17 00:00:00+00:00,120.54151916503906
2023-05-18 00:00:00+00:00,122.52660369873047
2023-05-19 00:00:00+00:00,122.45677947998047
2023-05-22 00:00:00+00:00,124.74111938476562
2023-05-23 00:00:00+00:00,122.25727081298828
2023-05-24 00:00:00+00:00,120.60137176513672
2023-05-25 00:00:00+00:00,123.17500305175781
2023-05-26 00:00:00+00:00,124.30220794677734
2023-05-30 00:00:00+00:00,123.3645248413086
2023-05-31 00:00:00+00:00,122.5665054321289
2023-06-01 00:00:00+00:00,123.4144058227539
2023-06-02 00:00:00+00:00,124.36205291748047
2023-06-05 00:00:00+00:00,125.6987533569336
2023-06-06 00:00:00+00:00,126.99553680419922
2023-06-07 00:00:00+00:00,122.19741821289062
2023-06-08 00:00:00+00:00,121.83831024169922
2023-06-09 00:00:00+00:00,121.92808532714844
2023-06-12 00:00:00+00:00,123.33460235595703
2023-06-13 00:00:00+00:00,123.52413177490234
2023-06-14 00:00:00+00:00,123.3645248413086
2023-06-15 00:00:00+00:00,124.78101348876953
2023-06-16 00:00:00+00:00,123.22486877441406
2023-06-20 00:00:00+00:00,122.79593658447266
2023-06-21 00:00:00+00:00,120.25223541259766
2023-06-22 00:00:00+00:00,122.84580993652344
2023-06-23 00:00:00+00:00,122.03781127929688
2023-06-26 00:00:00+00:00,118.04769134521484
2023-06-27 00:00:00+00:00,118.03772735595703
2023-06-28 00:00:00+00:00,119.88314819335938
2023-06-29 00:00:00+00:00,118.80581665039062
2023-06-30 00:00:00+00:00,119.40433502197266
2023-07-03 00:00:00+00:00,119.60384368896484
2023-07-05 00:00:00+00:00,121.44927215576172
2023-07-06 00:00:00+00:00,119.81331634521484
2023-07-07 00:00:00+00:00,119.18488311767578
2023-07-10 00:00:00+00:00,116.16236114501953
2023-07-11 00:00:00+00:00,116.85065460205078
2023-07-12 00:00:00+00:00,118.63623809814453
2023-07-13 00:00:00+00:00,124.23238372802734
2023-07-14 00:00:00+00:00,125.1102066040039
2023-07-17 00:00:00+00:00,124.34210968017578
2023-07-18 00:00:00+00:00,123.45430755615234
2023-07-19 00:00:00+00:00,121.72857666015625
2023-07-20 00:00:00+00:00,118.90557098388672
2023-07-21 00:00:00+00:00,119.72354125976562
2023-07-24 00:00:00+00:00,121.22981262207031
2023-07-25 00:00:00+00:00,121.90813446044922
2023-07-26 00:00:00+00:00,128.95069885253906
2023-07-27 00:00:00+00:00,129.0803680419922
2023-07-28 00:00:00+00:00,132.25253295898438
2023-07-31 00:00:00+00:00,132.39218139648438
2023-08-01 00:00:00+00:00,131.22506713867188
2023-08-02 00:00:00+00:00,128.06289672851562
2023-08-03 00:00:00+00:00,128.13270568847656
2023-08-04 00:00:00+00:00,127.79356384277344
2023-08-07 00:00:00+00:00,131.20510864257812
2023-08-08 00:00:00+00:00,131.07542419433594
2023-08-09 00:00:00+00:00,129.33973693847656
2023-08-10 00:00:00+00:00,129.36965942382812
2023-08-11 00:00:00+00:00,129.23997497558594
2023-08-14 00:00:00+00:00,131.00559997558594
2023-08-15 00:00:00+00:00,129.45944213867188
2023-08-16 00:00:00+00:00,128.38211059570312
2023-08-17 00:00:00+00:00,129.59909057617188
2023-08-18 00:00:00+00:00,127.14517211914062
2023-08-21 00:00:00+00:00,128.0529022216797
2023-08-22 00:00:00+00:00,128.76116943359375
2023-08-23 00:00:00+00:00,132.04302978515625
2023-08-24 00:00:00+00:00,129.45944213867188
2023-08-25 00:00:00+00:00,129.55918884277344
2023-08-28 00:00:00+00:00,130.68638610839844
2023-08-29 00:00:00+00:00,134.23760986328125
2023-08-30 00:00:00+00:00,135.54437255859375
2023-08-31 00:00:00+00:00,135.83364868164062
2023-09-01 00:00:00+00:00,135.32492065429688
2023-09-05 00:00:00+00:00,135.4346466064453
2023-09-06 00:00:00+00:00,134.1278839111328
2023-09-07 00:00:00+00:00,134.9259033203125
2023-09-08 00:00:00+00:00,136.0431365966797
2023-09-11 00:00:00+00:00,136.58180236816406
2023-09-12 00:00:00+00:00,135.00570678710938
2023-09-13 00:00:00+00:00,136.37232971191406
2023-09-14 00:00:00+00:00,137.75888061523438
2023-09-15 00:00:00+00:00,137.06060791015625
2023-09-18 00:00:00+00:00,137.86862182617188
2023-09-19 00:00:00+00:00,137.69903564453125
2023-09-20 00:00:00+00:00,133.40966796875
2023-09-21 00:00:00+00:00,130.11781311035156
2023-09-22 00:00:00+00:00,129.9282684326172
2023-09-25 00:00:00+00:00,130.78614807128906
2023-09-26 00:00:00+00:00,128.25242614746094
2023-09-27 00:00:00+00:00,130.21755981445312
2023-09-28 00:00:00+00:00,131.98318481445312
2023-09-29 00:00:00+00:00,130.53677368164062
2023-10-02 00:00:00+00:00,133.83859252929688
2023-10-03 00:00:00+00:00,132.10289001464844
2023-10-04 00:00:00+00:00,134.9059600830078
2023-10-05 00:00:00+00:00,134.7363739013672
2023-10-06 00:00:00+00:00,137.2401580810547
2023-10-09 00:00:00+00:00,138.07809448242188
2023-10-10 00:00:00+00:00,137.71897888183594
2023-10-11 00:00:00+00:00,140.20285034179688
2023-10-12 00:00:00+00:00,138.62673950195312
2023-10-13 00:00:00+00:00,137.02072143554688
2023-10-16 00:00:00+00:00,138.75640869140625
2023-10-17 00:00:00+00:00,139.37489318847656
2023-10-18 00:00:00+00:00,137.61923217773438
2023-10-19 00:00:00+00:00,137.40975952148438
2023-10-20 00:00:00+00:00,135.2650604248047
2023-10-23 00:00:00+00:00,136.16282653808594
2023-10-24 00:00:00+00:00,138.46713256835938
2023-10-25 00:00:00+00:00,125.29973602294922
2023-10-26 00:00:00+00:00,121.97796630859375
2023-10-27 00:00:00+00:00,121.86823272705078
2023-10-30 00:00:00+00:00,124.15258026123047
2023-10-31 00:00:00+00:00,123.77352142333984
2023-11-01 00:00:00+00:00,126.13765716552734
2023-11-02 00:00:00+00:00,127.17509460449219
2023-11-03 00:00:00+00:00,128.7811279296875
2023-11-06 00:00:00+00:00,129.9282684326172
2023-11-07 00:00:00+00:00,130.64649963378906
2023-11-08 00:00:00+00:00,131.51434326171875
2023-11-09 00:00:00+00:00,129.91830444335938
2023-11-10 00:00:00+00:00,132.2624969482422
2023-11-13 00:00:00+00:00,131.7637176513672
2023-11-14 00:00:00+00:00,133.28994750976562
2023-11-15 00:00:00+00:00,134.28749084472656
2023-11-16 00:00:00+00:00,136.59176635742188
2023-11-17 00:00:00+00:00,134.9757843017578
2023-11-20 00:00:00+00:00,135.9134521484375
2023-11-21 00:00:00+00:00,136.6316680908203
2023-11-22 00:00:00+00:00,138.14791870117188
2023-11-24 00:00:00+00:00,136.3523712158203
2023-11-27 00:00:00+00:00,136.07305908203125
2023-11-28 00:00:00+00:00,136.86111450195312
2023-11-29 00:00:00+00:00,134.6565704345703
2023-11-30 00:00:00+00:00,132.20263671875
2023-12-01 00:00:00+00:00,131.5343017578125
2023-12-04 00:00:00+00:00,128.95069885253906
2023-12-05 00:00:00+00:00,130.6664581298828
2023-12-06 00:00:00+00:00,129.6988525390625
2023-12-07 00:00:00+00:00,136.59176635742188
2023-12-08 00:00:00+00:00,134.6565704345703
2023-12-11 00:00:00+00:00,132.96075439453125
2023-12-12 00:00:00+00:00,132.1926727294922
2023-12-13 00:00:00+00:00,132.2425537109375
2023-12-14 00:00:00+00:00,131.61410522460938
2023-12-15 00:00:00+00:00,132.27247619628906
2023-12-18 00:00:00+00:00,135.46456909179688
2023-12-19 00:00:00+00:00,136.3124542236328
2023-12-20 00:00:00+00:00,137.99827575683594
2023-12-21 00:00:00+00:00,140.07315063476562
2023-12-22 00:00:00+00:00,141.14051818847656
2023-12-26 00:00:00+00:00,141.17044067382812
2023-12-27 00:00:00+00:00,140.0232696533203
2023-12-28 00:00:00+00:00,139.8836212158203
2023-12-29 00:00:00+00:00,139.34495544433594
2024-01-02 00:00:00+00:00,137.82870483398438
2024-01-03 00:00:00+00:00,138.5768585205078
2024-01-04 00:00:00+00:00,136.05311584472656
2024-01-05 00:00:00+00:00,135.3947296142578
2024-01-08 00:00:00+00:00,138.49705505371094
2024-01-09 00:00:00+00:00,140.6018524169922
2024-01-10 00:00:00+00:00,141.92855834960938
2024-01-11 00:00:00+00:00,141.72906494140625
2024-01-12 00:00:00+00:00,142.29763793945312
2024-01-16 00:00:00+00:00,142.13804626464844
2024-01-17 00:00:00+00:00,141.12057495117188
2024-01-18 00:00:00+00:00,143.12559509277344
2024-01-19 00:00:00+00:00,146.0184326171875
2024-01-22 00:00:00+00:00,145.62939453125
2024-01-23 00:00:00+00:00,146.6768035888672
2024-01-24 00:00:00+00:00,148.33270263671875
2024-01-25 00:00:00+00:00,151.49485778808594
2024-01-26 00:00:00+00:00,151.8140869140625
2024-01-29 00:00:00+00:00,153.1308135986328
2024-01-30 00:00:00+00:00,151.0858917236328
2024-01-31 00:00:00+00:00,139.7539520263672
2024-02-01 00:00:00+00:00,140.81134033203125
2024-02-02 00:00:00+00:00,142.0283203125
2024-02-05 00:00:00+00:00,143.32510375976562
2024-02-06 00:00:00+00:00,143.7440643310547
2024-02-07 00:00:00+00:00,145.1804962158203
2024-02-08 00:00:00+00:00,145.54959106445312
2024-02-09 00:00:00+00:00,148.63197326660156
2024-02-12 00:00:00+00:00,147.16558837890625
2024-02-13 00:00:00+00:00,144.781494140625
2024-02-14 00:00:00+00:00,145.5795135498047
2024-02-15 00:00:00+00:00,142.4173583984375
2024-02-16 00:00:00+00:00,140.17291259765625
2024-02-20 00:00:00+00:00,140.77142333984375
2024-02-21 00:00:00+00:00,142.19790649414062
2024-02-22 00:00:00+00:00,143.7340850830078
2024-02-23 00:00:00+00:00,143.6044158935547
2024-02-26 00:00:00+00:00,137.23019409179688
2024-02-27 00:00:00+00:00,138.53697204589844
2024-02-28 00:00:00+00:00,136.0431365966797
2024-02-29 00:00:00+00:00,138.1179962158203
2024-03-01 00:00:00+00:00,136.80125427246094
2024-03-04 00:00:00+00:00,133.0206298828125
2024-03-05 00:00:00+00:00,132.34230041503906
2024-03-06 00:00:00+00:00,131.07542419433594
2024-03-07 00:00:00+00:00,134.04808044433594
2024-03-08 00:00:00+00:00,135.07553100585938
2024-03-11 00:00:00+00:00,137.3299560546875
2024-03-12 00:00:00+00:00,138.15789794921875
2024-03-13 00:00:00+00:00,139.44471740722656
2024-03-14 00:00:00+00:00,142.7465362548828
2024-03-15 00:00:00+00:00,140.83126831054688
2024-03-18 00:00:00+00:00,147.31521606445312
2024-03-19 00:00:00+00:00,146.6668243408203
2024-03-20 00:00:00+00:00,148.3726043701172
2024-03-21 00:00:00+00:00,147.2354278564453
2024-03-22 00:00:00+00:00,150.39759826660156
2024-03-25 00:00:00+00:00,149.69932556152344
2024-03-26 00:00:00+00:00,150.29783630371094
2024-03-27 00:00:00+00:00,150.49732971191406
2024-03-28 00:00:00+00:00,150.55718994140625
2024-04-01 00:00:00+00:00,155.10594177246094
2024-04-02 00:00:00+00:00,154.17822265625
2024-04-03 00:00:00+00:00,154.53733825683594
2024-04-04 00:00:00+00:00,150.15818786621094
2024-04-05 00:00:00+00:00,152.12332153320312
2024-04-08 00:00:00+00:00,154.467529296875
2024-04-09 00:00:00+00:00,156.21319580078125
2024-04-10 00:00:00+00:00,155.75433349609375
2024-04-11 00:00:00+00:00,159.01626586914062
2024-04-12 00:00:00+00:00,157.3404083251953
2024-04-15 00:00:00+00:00,154.4774932861328
2024-04-16 00:00:00+00:00,154.01861572265625
2024-04-17 00:00:00+00:00,155.0859832763672
2024-04-18 00:00:00+00:00,155.62464904785156
2024-04-19 00:00:00+00:00,153.7093963623047
2024-04-22 00:00:00+00:00,155.8939666748047
2024-04-23 00:00:00+00:00,157.86907958984375
2024-04-24 00:00:00+00:00,158.73695373535156
2024-04-25 00:00:00+00:00,155.6146697998047
2024-04-26 00:00:00+00:00,171.52528381347656
2024-04-29 00:00:00+00:00,165.73959350585938
2024-04-30 00:00:00+00:00,162.3779296875
2024-05-01 00:00:00+00:00,163.45526123046875
2024-05-02 00:00:00+00:00,166.20843505859375
2024-05-03 00:00:00+00:00,166.82691955566406
2024-05-06 00:00:00+00:00,167.68479919433594
2024-05-07 00:00:00+00:00,170.82699584960938
2024-05-08 00:00:00+00:00,168.96163940429688
2024-05-09 00:00:00+00:00,169.54019165039062
2024-05-10 00:00:00+00:00,168.23341369628906
2024-05-13 00:00:00+00:00,168.72222900390625
2024-05-14 00:00:00+00:00,169.91925048828125
2024-05-15 00:00:00+00:00,172.08389282226562
2024-05-16 00:00:00+00:00,173.749755859375
2024-05-17 00:00:00+00:00,175.6251220703125
2024-05-20 00:00:00+00:00,176.48300170898438
2024-05-21 00:00:00+00:00,177.41070556640625
2024-05-22 00:00:00+00:00,175.9443359375
2024-05-23 00:00:00+00:00,173.121337890625
2024-05-24 00:00:00+00:00,174.5577850341797
2024-05-28 00:00:00+00:00,175.9642791748047
2024-05-29 00:00:00+00:00,175.4654998779297
2024-05-30 00:00:00+00:00,171.6848907470703
2024-05-31 00:00:00+00:00,172.07391357421875
2024-06-03 00:00:00+00:00,172.7422637939453
2024-06-04 00:00:00+00:00,173.36073303222656
2024-06-05 00:00:00+00:00,174.9767303466797
2024-06-06 00:00:00+00:00,176.29345703125
2024-06-07 00:00:00+00:00,174.02908325195312
2024-06-10 00:00:00+00:00,174.778076171875
2024-06-11 00:00:00+00:00,176.3859405517578
2024-06-12 00:00:00+00:00,177.55438232421875
2024-06-13 00:00:00+00:00,174.92788696289062
2024-06-14 00:00:00+00:00,176.5557098388672
2024-06-17 00:00:00+00:00,177.005126953125
2024-06-18 00:00:00+00:00,174.85797119140625
2024-06-20 00:00:00+00:00,176.06637573242188
2024-06-21 00:00:00+00:00,179.3919677734375
2024-06-24 00:00:00+00:00,178.9824981689453
2024-06-25 00:00:00+00:00,183.78611755371094
2024-06-26 00:00:00+00:00,183.63632202148438
2024-06-27 00:00:00+00:00,185.164306640625
2024-06-28 00:00:00+00:00,181.9086151123047
2024-07-01 00:00:00+00:00,182.7475128173828
2024-07-02 00:00:00+00:00,184.99452209472656
2024-07-03 00:00:00+00:00,185.57376098632812
2024-07-05 00:00:00+00:00,190.34742736816406
2024-07-08 00:00:00+00:00,188.7794952392578
2024-07-09 00:00:00+00:00,188.7295684814453
2024-07-10 00:00:00+00:00,190.9266357421875
2024-07-11 00:00:00+00:00,185.3240966796875
2024-07-12 00:00:00+00:00,184.8247528076172
2024-07-15 00:00:00+00:00,186.28280639648438
2024-07-16 00:00:00+00:00,183.67626953125
2024-07-17 00:00:00+00:00,180.78012084960938
2024-07-18 00:00:00+00:00,177.45452880859375
2024-07-19 00:00:00+00:00,177.42457580566406
2024-07-22 00:00:00+00:00,181.4292449951172
2024-07-23 00:00:00+00:00,181.54908752441406
2024-07-24 00:00:00+00:00,172.40122985839844
2024-07-25 00:00:00+00:00,167.05831909179688
2024-07-26 00:00:00+00:00,166.7786865234375
2024-07-29 00:00:00+00:00,169.3053436279297
2024-07-30 00:00:00+00:00,170.0643310546875
2024-07-31 00:00:00+00:00,171.3126678466797
2024-08-01 00:00:00+00:00,170.53370666503906
2024-08-02 00:00:00+00:00,166.43914794921875
2024-08-05 00:00:00+00:00,159.03897094726562
2024-08-06 00:00:00+00:00,158.08023071289062
2024-08-07 00:00:00+00:00,158.7293701171875
2024-08-08 00:00:00+00:00,161.81527709960938
2024-08-09 00:00:00+00:00,163.45310974121094
2024-08-12 00:00:00+00:00,162.07492065429688
2024-08-13 00:00:00+00:00,163.9424591064453
2024-08-14 00:00:00+00:00,160.157470703125
2024-08-15 00:00:00+00:00,161.08624267578125
2024-08-16 00:00:00+00:00,162.74404907226562
2024-08-19 00:00:00+00:00,166.44912719726562
2024-08-20 00:00:00+00:00,166.9584503173828
2024-08-21 00:00:00+00:00,165.63021850585938
2024-08-22 00:00:00+00:00,163.5829315185547
2024-08-23 00:00:00+00:00,165.4005126953125
2024-08-26 00:00:00+00:00,165.93980407714844
2024-08-27 00:00:00+00:00,164.46176147460938
2024-08-28 00:00:00+00:00,162.6342010498047
2024-08-29 00:00:00+00:00,161.56561279296875
2024-08-30 00:00:00+00:00,163.1634979248047
2024-09-03 00:00:00+00:00,157.15147399902344
2024-09-04 00:00:00+00:00,156.24267578125
2024-09-05 00:00:00+00:00,157.03163146972656
2024-09-06 00:00:00+00:00,150.72000122070312
2024-09-09 00:00:00+00:00,148.7100067138672
2024-09-10 00:00:00+00:00,148.66000366210938
2024-09-11 00:00:00+00:00,151.16000366210938
2024-09-12 00:00:00+00:00,154.69000244140625
2024-09-13 00:00:00+00:00,157.4600067138672
2024-09-16 00:00:00+00:00,158.05999755859375
2024-09-17 00:00:00+00:00,159.32000732421875
2024-09-18 00:00:00+00:00,159.80999755859375
2024-09-19 00:00:00+00:00,162.13999938964844
2024-09-20 00:00:00+00:00,163.58999633789062
2024-09-23 00:00:00+00:00,161.85000610351562
2024-09-24 00:00:00+00:00,162.2899932861328
2024-09-25 00:00:00+00:00,161.49000549316406
2024-09-26 00:00:00+00:00,162.72999572753906
2024-09-27 00:00:00+00:00,163.9499969482422
2024-09-30 00:00:00+00:00,165.85000610351562
2024-10-01 00:00:00+00:00,166.99000549316406
2024-10-02 00:00:00+00:00,165.86000061035156
2024-10-03 00:00:00+00:00,165.86000061035156
2024-10-04 00:00:00+00:00,167.05999755859375
2024-10-07 00:00:00+00:00,162.97999572753906
2024-10-08 00:00:00+00:00,164.3800048828125
2024-10-09 00:00:00+00:00,161.86000061035156
2024-10-10 00:00:00+00:00,162.0800018310547
2024-10-11 00:00:00+00:00,163.24000549316406
2024-10-14 00:00:00+00:00,164.9600067138672
2024-10-15 00:00:00+00:00,165.4600067138672
2024-10-16 00:00:00+00:00,165.16000366210938
2024-10-17 00:00:00+00:00,162.92999267578125
2024-10-18 00:00:00+00:00,163.4199981689453
2024-10-21 00:00:00+00:00,164.07000732421875
2024-10-22 00:00:00+00:00,165.13999938964844
2024-10-23 00:00:00+00:00,162.77999877929688
2024-10-24 00:00:00+00:00,162.72000122070312
2024-10-25 00:00:00+00:00,165.27000427246094
2024-10-28 00:00:00+00:00,166.72000122070312
2024-10-29 00:00:00+00:00,169.67999267578125
2024-10-30 00:00:00+00:00,174.4600067138672
2024-10-31 00:00:00+00:00,171.11000061035156
2024-11-01 00:00:00+00:00,171.2899932861328
2024-11-04 00:00:00+00:00,169.24000549316406
2024-11-05 00:00:00+00:00,169.74000549316406
2024-11-06 00:00:00+00:00,176.50999450683594
2024-11-07 00:00:00+00:00,180.75
2024-11-08 00:00:00+00:00,178.35000610351562
2024-11-11 00:00:00+00:00,180.35000610351562
2024-11-12 00:00:00+00:00,181.6199951171875
2024-11-13 00:00:00+00:00,178.8800048828125
2024-11-14 00:00:00+00:00,175.5800018310547
2024-11-15 00:00:00+00:00,172.49000549316406
2024-11-18 00:00:00+00:00,175.3000030517578
2024-11-19 00:00:00+00:00,178.1199951171875
